"Symbol  ","Series  ","Date  ","Prev Close  ","Open Price  ","High Price  ","Low Price  ","Last Price  ","Close Price  ","Average Price ","Total Traded Quantity  ","Turnover In Rs  ","No. of Trades  ","Deliverable Qty  ","% Dly Qt to Traded Qty  "
"DIVISLAB","EQ","01-Jan-2025","6,098.80","6,090.00","6,135.10","6,060.70","6,075.00","6,073.00","6,080.87","1,16,675","70,94,85,960.70","19,581","60,992","52.28"
"DIVISLAB","EQ","02-Jan-2025","6,073.00","6,073.00","6,154.75","6,010.00","6,130.00","6,144.75","6,090.56","1,80,792","1,10,11,25,109.85","30,403","98,562","54.52"
"DIVISLAB","EQ","03-Jan-2025","6,144.75","6,159.00","6,248.90","6,030.15","6,042.00","6,048.30","6,112.63","4,27,384","2,61,24,39,067.00","64,606","2,46,954","57.78"
"DIVISLAB","EQ","06-Jan-2025","6,048.30","6,068.20","6,068.20","5,841.00","5,860.20","5,891.65","5,901.58","3,34,922","1,97,65,70,147.15","60,064","1,86,625","55.72"
"DIVISLAB","EQ","07-Jan-2025","5,891.65","5,910.00","5,936.95","5,875.00","5,920.00","5,907.95","5,907.01","3,03,309","1,79,16,48,481.70","33,639","1,84,260","60.75"
"DIVISLAB","EQ","08-Jan-2025","5,907.95","5,930.00","5,965.85","5,822.20","5,892.60","5,868.40","5,866.71","2,13,589","1,25,30,64,638.60","39,094","1,11,317","52.12"
"DIVISLAB","EQ","09-Jan-2025","5,868.40","5,861.70","5,905.55","5,811.75","5,815.00","5,824.55","5,840.12","98,271","57,39,14,282.75","19,447","47,815","48.66"
"DIVISLAB","EQ","10-Jan-2025","5,824.55","5,800.00","5,840.00","5,715.20","5,755.00","5,771.35","5,774.02","3,84,413","2,21,96,06,869.30","40,933","2,32,717","60.54"
"DIVISLAB","EQ","13-Jan-2025","5,771.35","5,824.00","5,887.50","5,654.35","5,745.85","5,732.50","5,783.35","7,70,897","4,45,83,66,832.20","77,930","4,34,868","56.41"
"DIVISLAB","EQ","14-Jan-2025","5,732.50","5,761.10","6,006.45","5,749.35","5,990.00","5,990.30","5,907.68","4,39,344","2,59,55,03,020.40","50,487","2,60,294","59.25"
"DIVISLAB","EQ","15-Jan-2025","5,990.30","6,000.35","6,000.40","5,768.50","5,830.30","5,876.85","5,857.89","4,83,267","2,83,09,25,167.60","60,970","2,62,969","54.41"
"DIVISLAB","EQ","16-Jan-2025","5,876.85","5,840.00","5,952.80","5,755.70","5,920.00","5,916.05","5,895.86","4,28,736","2,52,77,66,010.85","51,938","2,39,558","55.88"
"DIVISLAB","EQ","17-Jan-2025","5,916.05","5,930.50","5,938.85","5,871.70","5,907.00","5,916.05","5,902.36","1,77,031","1,04,49,01,358.05","25,723","1,03,581","58.51"
"DIVISLAB","EQ","20-Jan-2025","5,916.05","5,917.00","6,028.00","5,840.05","6,011.70","6,000.60","5,973.95","3,09,737","1,85,03,54,769.85","36,089","1,67,936","54.22"
"DIVISLAB","EQ","21-Jan-2025","6,000.60","6,011.70","6,068.05","5,806.30","5,816.20","5,818.90","5,905.79","4,37,884","2,58,60,50,556.65","58,729","2,34,156","53.47"
"DIVISLAB","EQ","22-Jan-2025","5,818.90","5,838.55","5,846.90","5,755.00","5,844.75","5,812.50","5,788.88","5,13,868","2,97,47,18,415.90","32,077","4,08,464","79.49"
"DIVISLAB","EQ","23-Jan-2025","5,812.50","5,780.40","5,905.05","5,780.40","5,841.00","5,850.95","5,865.77","4,49,602","2,63,72,60,676.40","36,093","3,25,138","72.32"
"DIVISLAB","EQ","24-Jan-2025","5,850.95","5,850.00","5,900.40","5,707.30","5,764.00","5,762.60","5,790.85","3,87,486","2,24,38,72,628.75","36,395","2,43,775","62.91"
"DIVISLAB","EQ","27-Jan-2025","5,762.60","5,725.50","5,749.00","5,546.00","5,582.55","5,576.75","5,621.56","2,43,092","1,36,65,56,823.95","39,868","1,02,221","42.05"
"DIVISLAB","EQ","28-Jan-2025","5,576.75","5,580.40","5,585.00","5,351.65","5,378.60","5,410.20","5,489.76","5,88,891","3,23,28,71,500.80","61,402","3,21,235","54.55"
"DIVISLAB","EQ","29-Jan-2025","5,410.20","5,374.10","5,648.00","5,361.50","5,621.05","5,620.15","5,538.77","2,41,519","1,33,77,19,206.30","47,662","95,014","39.34"
"DIVISLAB","EQ","30-Jan-2025","5,620.15","5,621.10","5,791.60","5,601.80","5,702.00","5,735.90","5,690.72","2,34,255","1,33,30,80,077.10","36,005","94,420","40.31"
"DIVISLAB","EQ","31-Jan-2025","5,735.90","5,717.55","5,750.95","5,548.90","5,550.00","5,577.70","5,600.50","4,29,090","2,40,31,16,711.65","43,344","2,38,839","55.66"
"DIVISLAB","EQ","01-Feb-2025","5,577.70","5,589.00","5,653.85","5,510.00","5,625.00","5,618.55","5,587.36","1,08,307","60,51,50,580.10","20,818","27,459","25.35"
"DIVISLAB","EQ","03-Feb-2025","5,618.55","5,619.00","5,955.10","5,471.00","5,949.90","5,884.10","5,779.56","12,99,208","7,50,88,53,448.00","1,45,977","3,12,526","24.06"
"DIVISLAB","EQ","04-Feb-2025","5,884.10","6,049.95","6,230.00","5,972.70","6,066.80","6,096.25","6,129.09","13,07,734","8,01,52,20,528.95","1,29,322","3,43,085","26.24"
"DIVISLAB","EQ","05-Feb-2025","6,096.25","6,060.55","6,207.20","6,007.50","6,127.40","6,123.50","6,140.81","3,89,786","2,39,35,99,896.80","61,762","1,78,190","45.71"
"DIVISLAB","EQ","06-Feb-2025","6,123.50","6,148.30","6,205.90","6,098.05","6,122.10","6,119.70","6,150.31","3,73,619","2,29,78,72,224.90","60,466","1,98,250","53.06"
"DIVISLAB","EQ","07-Feb-2025","6,119.70","6,116.55","6,161.50","6,080.50","6,138.40","6,140.55","6,131.31","1,53,029","93,82,68,816.35","32,659","76,035","49.69"
"DIVISLAB","EQ","10-Feb-2025","6,140.55","6,142.00","6,179.00","5,921.65","5,940.00","5,938.80","5,972.27","2,84,788","1,70,08,29,726.30","48,256","1,52,454","53.53"
"DIVISLAB","EQ","11-Feb-2025","5,938.80","5,949.95","5,964.80","5,862.10","5,940.00","5,946.75","5,922.88","4,43,166","2,62,48,19,701.30","44,191","2,72,530","61.50"
"DIVISLAB","EQ","12-Feb-2025","5,946.75","5,946.75","6,000.00","5,805.00","5,965.00","5,969.85","5,924.64","2,92,103","1,73,06,05,428.00","41,524","1,51,277","51.79"
"DIVISLAB","EQ","13-Feb-2025","5,969.85","5,999.70","6,155.00","5,984.75","6,010.00","6,010.50","6,082.95","6,67,461","4,06,01,34,726.10","78,907","3,65,027","54.69"
"DIVISLAB","EQ","14-Feb-2025","6,010.50","6,017.30","6,060.00","5,766.05","5,836.20","5,843.75","5,852.07","2,94,685","1,72,45,17,801.70","52,150","1,25,664","42.64"
"DIVISLAB","EQ","17-Feb-2025","5,843.75","5,832.00","5,940.00","5,760.25","5,925.00","5,923.75","5,885.46","2,07,670","1,22,22,33,121.30","35,157","87,319","42.05"
"DIVISLAB","EQ","18-Feb-2025","5,923.75","5,950.00","5,978.90","5,793.00","5,840.00","5,839.70","5,840.54","2,83,564","1,65,61,66,554.70","42,930","1,63,306","57.59"
"DIVISLAB","EQ","19-Feb-2025","5,839.70","5,810.00","5,956.25","5,740.00","5,940.90","5,934.90","5,907.62","3,37,225","1,99,21,95,667.70","40,754","1,93,903","57.50"
"DIVISLAB","EQ","20-Feb-2025","5,934.90","5,915.00","5,987.95","5,892.30","5,987.95","5,978.30","5,962.43","2,92,029","1,74,12,01,028.50","38,149","1,78,239","61.03"
"DIVISLAB","EQ","21-Feb-2025","5,978.30","5,960.00","5,998.30","5,684.15","5,702.75","5,757.05","5,793.81","10,03,530","5,81,42,60,161.70","74,846","7,03,985","70.15"
"DIVISLAB","EQ","24-Feb-2025","5,757.05","5,680.40","5,750.70","5,664.45","5,716.50","5,702.55","5,711.69","3,06,309","1,74,95,41,813.95","36,486","2,09,776","68.49"
"DIVISLAB","EQ","25-Feb-2025","5,702.55","5,701.00","5,774.30","5,664.80","5,734.05","5,726.40","5,727.88","1,88,012","1,07,69,11,021.45","24,214","1,09,977","58.49"
"DIVISLAB","EQ","27-Feb-2025","5,726.40","5,726.40","5,785.00","5,579.25","5,625.00","5,615.80","5,634.07","2,57,921","1,45,31,44,002.05","39,552","1,63,859","63.53"
"DIVISLAB","EQ","28-Feb-2025","5,615.80","5,600.00","5,600.00","5,364.85","5,461.00","5,480.25","5,454.37","5,64,464","3,07,87,93,726.30","63,971","3,36,480","59.61"
"DIVISLAB","EQ","03-Mar-2025","5,480.25","5,480.25","5,572.40","5,360.65","5,530.50","5,540.25","5,464.43","3,08,548","1,68,60,37,950.65","48,284","1,62,872","52.79"
"DIVISLAB","EQ","04-Mar-2025","5,540.25","5,500.00","5,556.95","5,457.85","5,515.00","5,517.70","5,518.98","1,42,095","78,42,19,846.90","34,645","80,897","56.93"
"DIVISLAB","EQ","05-Mar-2025","5,517.70","5,460.00","5,563.05","5,460.00","5,514.40","5,516.55","5,515.07","3,92,202","2,16,30,22,063.20","57,905","2,58,325","65.87"
"DIVISLAB","EQ","06-Mar-2025","5,516.55","5,549.95","5,645.95","5,549.95","5,553.30","5,568.70","5,595.03","2,80,218","1,56,78,28,461.85","51,966","1,33,589","47.67"
"DIVISLAB","EQ","07-Mar-2025","5,568.70","5,553.30","5,619.80","5,528.40","5,578.70","5,578.75","5,582.33","1,87,672","1,04,76,46,310.35","32,736","1,01,626","54.15"
"DIVISLAB","EQ","10-Mar-2025","5,578.75","5,578.75","5,631.65","5,486.85","5,499.90","5,514.25","5,566.95","2,81,666","1,56,80,20,477.25","38,859","1,83,700","65.22"
"DIVISLAB","EQ","11-Mar-2025","5,514.25","5,454.00","5,578.20","5,414.25","5,535.00","5,546.25","5,540.28","2,11,471","1,17,16,09,418.70","40,791","1,08,027","51.08"
"DIVISLAB","EQ","12-Mar-2025","5,546.25","5,525.00","5,677.10","5,481.70","5,675.00","5,667.15","5,608.00","3,45,394","1,93,69,69,545.55","39,044","2,19,316","63.50"
"DIVISLAB","EQ","13-Mar-2025","5,667.15","5,695.50","5,758.25","5,604.00","5,614.00","5,620.45","5,688.48","2,19,553","1,24,89,22,528.75","31,821","1,01,759","46.35"
"DIVISLAB","EQ","17-Mar-2025","5,620.45","5,620.45","5,695.00","5,582.05","5,670.00","5,670.85","5,657.24","1,33,663","75,61,64,217.35","29,258","57,400","42.94"
"DIVISLAB","EQ","18-Mar-2025","5,670.85","5,680.00","5,809.00","5,627.00","5,783.00","5,772.95","5,730.53","3,97,067","2,27,54,03,416.25","39,845","2,17,689","54.82"
"DIVISLAB","EQ","19-Mar-2025","5,772.95","5,780.00","5,850.00","5,742.05","5,825.00","5,818.10","5,819.17","2,31,264","1,34,57,63,826.80","33,038","1,37,374","59.40"
"DIVISLAB","EQ","20-Mar-2025","5,818.10","5,850.00","5,865.80","5,805.00","5,815.00","5,822.10","5,825.63","2,52,148","1,46,89,20,858.80","33,811","1,70,624","67.67"
"DIVISLAB","EQ","21-Mar-2025","5,822.10","5,848.00","5,855.50","5,739.55","5,795.90","5,797.35","5,801.22","5,37,097","3,11,58,20,070.60","55,832","3,83,129","71.33"
"DIVISLAB","EQ","24-Mar-2025","5,797.35","5,795.90","5,935.00","5,775.40","5,922.00","5,910.70","5,867.21","3,22,013","1,88,93,16,466.25","31,696","1,93,509","60.09"
"DIVISLAB","EQ","25-Mar-2025","5,910.70","5,940.25","5,940.25","5,815.45","5,839.00","5,840.65","5,866.86","3,30,676","1,94,00,29,670.20","41,520","1,29,999","39.31"
"DIVISLAB","EQ","26-Mar-2025","5,840.65","5,869.85","5,918.20","5,767.55","5,842.25","5,839.20","5,836.51","2,38,411","1,39,14,87,376.95","35,232","1,17,664","49.35"
"DIVISLAB","EQ","27-Mar-2025","5,839.20","5,838.00","5,893.75","5,727.20","5,781.85","5,872.65","5,832.75","3,85,946","2,25,11,25,787.00","40,383","2,32,294","60.19"
"DIVISLAB","EQ","28-Mar-2025","5,872.65","5,850.00","5,885.00","5,738.00","5,776.65","5,775.45","5,810.24","2,91,524","1,69,38,22,953.95","44,848","1,74,894","59.99"
"DIVISLAB","EQ","01-Apr-2025","5,775.45","5,749.50","5,818.50","5,521.00","5,545.00","5,549.70","5,612.71","3,41,053","1,91,42,33,206.70","42,780","1,94,303","56.97"
"DIVISLAB","EQ","02-Apr-2025","5,549.70","5,550.55","5,681.45","5,535.00","5,672.70","5,666.00","5,609.41","3,16,866","1,77,74,30,393.80","38,373","1,94,932","61.52"
"DIVISLAB","EQ","03-Apr-2025","5,666.00","5,889.95","5,970.00","5,729.35","5,764.00","5,763.00","5,826.89","5,37,669","3,13,29,40,024.00","63,939","1,50,029","27.90"
"DIVISLAB","EQ","04-Apr-2025","5,763.00","5,760.00","5,762.65","5,384.95","5,500.00","5,482.85","5,498.19","6,81,423","3,74,65,93,239.00","91,843","3,45,909","50.76"
"DIVISLAB","EQ","07-Apr-2025","5,482.85","4,955.00","5,358.85","4,955.00","5,309.30","5,258.95","5,266.77","5,65,168","2,97,66,07,488.15","78,945","2,83,619","50.18"
"DIVISLAB","EQ","08-Apr-2025","5,258.95","5,347.10","5,475.00","5,303.00","5,395.20","5,387.30","5,404.49","3,69,634","1,99,76,81,538.80","54,920","1,87,888","50.83"
"DIVISLAB","EQ","09-Apr-2025","5,387.30","5,300.00","5,429.60","5,231.60","5,408.90","5,386.15","5,369.00","4,58,062","2,45,93,35,038.40","46,865","2,76,738","60.41"
"DIVISLAB","EQ","11-Apr-2025","5,386.15","5,550.00","5,625.00","5,386.15","5,600.00","5,589.30","5,534.24","7,94,543","4,39,71,95,473.20","80,214","4,54,690","57.23"
"DIVISLAB","EQ","15-Apr-2025","5,589.30","5,638.50","5,767.50","5,605.00","5,756.00","5,734.50","5,717.27","5,86,197","3,35,14,46,086.00","75,419","3,53,735","60.34"
"DIVISLAB","EQ","16-Apr-2025","5,734.50","5,715.00","5,805.50","5,685.00","5,759.50","5,754.00","5,749.62","2,80,947","1,61,53,38,135.50","46,273","1,43,868","51.21"
"DIVISLAB","EQ","17-Apr-2025","5,754.00","5,750.00","5,798.00","5,596.00","5,622.00","5,640.00","5,690.24","5,31,948","3,02,69,13,433.00","43,150","3,66,259","68.85"
"DIVISLAB","EQ","21-Apr-2025","5,640.00","5,850.00","5,920.00","5,799.00","5,907.00","5,891.50","5,857.84","7,17,346","4,20,20,95,555.50","67,165","3,61,957","50.46"
"DIVISLAB","EQ","22-Apr-2025","5,891.50","5,884.50","6,018.50","5,823.00","5,909.50","5,911.50","5,950.57","6,66,774","3,96,76,88,300.50","65,737","3,72,033","55.80"
"DIVISLAB","EQ","23-Apr-2025","5,911.50","5,927.00","5,975.00","5,891.50","5,932.50","5,924.50","5,916.47","6,37,067","3,76,91,88,656.50","50,817","4,80,617","75.44"
"DIVISLAB","EQ","24-Apr-2025","5,924.50","5,982.50","6,308.50","5,953.50","6,224.50","6,215.50","6,211.42","20,81,063","12,92,63,58,155.00","1,46,361","8,61,863","41.41"
"DIVISLAB","EQ","25-Apr-2025","6,215.50","6,240.00","6,285.00","5,964.50","6,027.00","6,012.50","6,089.55","9,64,571","5,87,38,03,567.00","61,124","6,43,661","66.73"
"DIVISLAB","EQ","28-Apr-2025","6,012.50","6,015.00","6,125.00","5,992.00","6,031.50","6,026.50","6,074.18","3,17,230","1,92,69,12,759.00","43,164","1,64,290","51.79"
"DIVISLAB","EQ","29-Apr-2025","6,026.50","6,055.00","6,130.00","5,916.00","6,109.00","6,108.00","6,032.41","6,40,125","3,86,14,94,602.00","53,979","3,77,048","58.90"
"DIVISLAB","EQ","30-Apr-2025","6,108.00","6,115.50","6,136.00","6,015.50","6,056.50","6,087.00","6,097.76","4,89,551","2,98,51,66,721.50","35,009","3,10,837","63.49"
"DIVISLAB","EQ","02-May-2025","6,087.00","6,080.00","6,153.00","6,045.50","6,081.00","6,104.00","6,102.22","10,15,136","6,19,45,82,108.50","49,483","8,16,977","80.48"
"DIVISLAB","EQ","05-May-2025","6,104.00","6,205.50","6,208.00","6,096.00","6,137.00","6,124.50","6,137.22","3,99,200","2,44,99,78,100.00","33,717","2,55,316","63.96"
"DIVISLAB","EQ","06-May-2025","6,124.50","6,110.00","6,178.50","5,970.00","6,148.00","6,161.00","6,128.62","3,44,379","2,11,05,68,427.50","39,917","1,27,498","37.02"
"DIVISLAB","EQ","07-May-2025","6,161.00","6,085.00","6,170.00","6,059.50","6,150.00","6,148.00","6,133.04","3,46,799","2,12,69,31,970.50","40,154","2,18,715","63.07"
"DIVISLAB","EQ","08-May-2025","6,148.00","6,172.50","6,184.00","5,920.00","5,940.00","5,960.50","6,033.53","3,64,862","2,20,14,05,919.50","41,665","2,26,013","61.94"
"DIVISLAB","EQ","09-May-2025","5,960.50","5,841.50","6,055.50","5,841.50","6,045.00","6,025.50","5,965.98","4,49,984","2,68,45,93,331.50","61,883","2,93,753","65.28"
"DIVISLAB","EQ","12-May-2025","6,025.50","6,035.00","6,044.00","5,878.50","5,948.00","5,942.00","5,946.90","7,05,516","4,19,56,34,981.50","1,14,779","3,19,870","45.34"
"DIVISLAB","EQ","13-May-2025","5,942.00","5,955.50","6,147.50","5,955.00","6,081.00","6,076.50","6,102.02","7,59,310","4,63,33,26,932.50","59,600","4,11,179","54.15"
"DIVISLAB","EQ","14-May-2025","6,076.50","6,100.00","6,282.50","6,055.50","6,200.00","6,215.50","6,204.76","5,76,348","3,57,61,02,931.50","64,206","3,12,375","54.20"
"DIVISLAB","EQ","15-May-2025","6,215.50","6,198.50","6,259.50","6,163.50","6,238.00","6,214.50","6,210.80","4,62,230","2,87,08,19,757.50","47,135","3,05,338","66.06"
"DIVISLAB","EQ","16-May-2025","6,214.50","6,239.00","6,323.00","6,162.00","6,268.00","6,279.50","6,251.55","5,56,329","3,47,79,17,673.00","72,951","2,57,965","46.37"
"DIVISLAB","EQ","19-May-2025","6,279.50","6,400.00","6,705.00","6,333.50","6,567.50","6,580.00","6,578.12","27,12,326","17,84,19,97,575.00","2,10,823","8,97,706","33.10"
"DIVISLAB","EQ","20-May-2025","6,580.00","6,580.00","6,595.00","6,433.00","6,449.50","6,452.50","6,500.67","4,48,280","2,91,41,20,728.50","50,141","2,14,529","47.86"
"DIVISLAB","EQ","21-May-2025","6,452.50","6,454.00","6,596.50","6,454.00","6,554.00","6,552.00","6,555.27","5,10,445","3,34,61,07,305.00","57,431","2,49,339","48.85"
"DIVISLAB","EQ","22-May-2025","6,552.00","6,540.00","6,570.00","6,458.00","6,542.00","6,538.00","6,529.72","3,26,992","2,13,51,67,027.50","42,897","1,60,355","49.04"
"DIVISLAB","EQ","23-May-2025","6,538.00","6,560.00","6,560.00","6,457.00","6,482.50","6,483.00","6,495.70","2,24,119","1,45,58,10,774.00","30,792","1,05,213","46.95"
"DIVISLAB","EQ","26-May-2025","6,483.00","6,640.00","6,764.00","6,592.50","6,727.00","6,737.00","6,722.15","14,67,231","9,86,29,49,388.00","1,07,760","6,97,534","47.54"
"DIVISLAB","EQ","27-May-2025","6,737.00","6,725.00","6,760.50","6,684.00","6,687.00","6,698.00","6,728.40","2,94,304","1,98,01,95,108.00","36,074","1,66,611","56.61"
"DIVISLAB","EQ","28-May-2025","6,698.00","6,730.00","6,750.00","6,620.00","6,620.00","6,636.00","6,698.19","3,12,692","2,09,44,71,899.00","41,539","1,85,056","59.18"
"DIVISLAB","EQ","29-May-2025","6,636.00","6,645.00","6,670.50","6,603.00","6,620.00","6,631.50","6,634.58","3,64,770","2,42,00,97,569.50","35,372","2,49,175","68.31"
"DIVISLAB","EQ","30-May-2025","6,631.50","6,601.50","6,667.50","6,541.00","6,610.00","6,612.00","6,600.94","7,86,589","5,19,22,27,308.50","51,040","5,36,997","68.27"
"DIVISLAB","EQ","02-Jun-2025","6,612.00","6,614.50","6,631.00","6,520.00","6,540.00","6,539.00","6,559.51","2,83,232","1,85,78,63,745.00","33,380","1,82,727","64.51"
"DIVISLAB","EQ","03-Jun-2025","6,539.00","6,544.00","6,600.00","6,514.50","6,549.50","6,530.00","6,552.89","3,98,776","2,61,31,33,726.50","39,172","2,97,213","74.53"
"DIVISLAB","EQ","04-Jun-2025","6,530.00","6,550.00","6,649.50","6,530.00","6,625.00","6,618.00","6,615.25","4,07,206","2,69,37,68,340.00","43,599","2,31,398","56.83"
"DIVISLAB","EQ","05-Jun-2025","6,618.00","6,628.00","6,679.00","6,608.00","6,610.50","6,628.50","6,638.39","2,00,706","1,33,23,64,024.50","24,721","92,515","46.09"
"DIVISLAB","EQ","06-Jun-2025","6,628.50","6,630.00","6,630.00","6,505.00","6,557.50","6,544.50","6,530.81","3,61,092","2,35,82,22,820.50","46,675","1,98,294","54.92"
"DIVISLAB","EQ","09-Jun-2025","6,544.50","6,557.50","6,654.50","6,547.50","6,640.00","6,633.00","6,601.56","2,54,156","1,67,78,27,286.50","34,255","1,40,490","55.28"
"DIVISLAB","EQ","10-Jun-2025","6,633.00","6,644.50","6,697.00","6,611.00","6,674.00","6,674.00","6,664.12","2,88,574","1,92,30,92,563.50","30,369","1,79,402","62.17"
"DIVISLAB","EQ","11-Jun-2025","6,674.00","6,680.00","6,766.00","6,680.00","6,729.00","6,719.00","6,731.44","5,39,922","3,63,44,52,460.00","48,317","3,40,703","63.10"
"DIVISLAB","EQ","12-Jun-2025","6,719.00","6,719.00","6,862.50","6,706.00","6,707.00","6,725.00","6,790.66","6,47,651","4,39,79,76,032.00","53,391","2,41,520","37.29"
"DIVISLAB","EQ","13-Jun-2025","6,725.00","6,700.00","6,720.50","6,611.00","6,670.00","6,667.00","6,663.92","4,31,430","2,87,50,15,483.50","50,315","2,29,592","53.22"
"DIVISLAB","EQ","16-Jun-2025","6,667.00","6,632.00","6,698.00","6,615.00","6,690.50","6,687.50","6,667.68","1,66,374","1,10,93,28,666.50","20,410","78,608","47.25"
"DIVISLAB","EQ","17-Jun-2025","6,687.50","6,690.00","6,702.50","6,490.50","6,530.00","6,538.00","6,563.48","3,41,004","2,23,81,73,000.50","44,259","1,52,070","44.59"
"DIVISLAB","EQ","18-Jun-2025","6,538.00","6,548.00","6,649.00","6,513.00","6,544.00","6,549.00","6,581.60","4,47,218","2,94,34,09,495.50","34,498","2,67,038","59.71"
"DIVISLAB","EQ","19-Jun-2025","6,549.00","6,545.00","6,566.50","6,480.00","6,480.50","6,493.00","6,512.14","2,40,502","1,56,61,83,016.00","42,358","1,35,426","56.31"
"DIVISLAB","EQ","20-Jun-2025","6,493.00","6,500.00","6,602.50","6,455.50","6,561.50","6,592.00","6,551.14","5,60,932","3,67,47,43,218.00","48,814","4,27,009","76.12"
"DIVISLAB","EQ","23-Jun-2025","6,592.00","6,570.00","6,664.50","6,560.00","6,638.00","6,636.00","6,625.76","4,78,962","3,17,34,86,912.00","62,157","3,35,820","70.11"
"DIVISLAB","EQ","24-Jun-2025","6,636.00","6,680.00","6,680.00","6,555.00","6,556.50","6,565.50","6,618.17","2,70,144","1,78,78,57,793.50","39,934","1,77,817","65.82"
"DIVISLAB","EQ","25-Jun-2025","6,565.50","6,585.00","6,607.50","6,520.00","6,575.00","6,586.50","6,571.55","2,34,226","1,53,92,27,893.00","27,946","1,48,867","63.56"
"DIVISLAB","EQ","26-Jun-2025","6,586.50","6,589.00","6,628.00","6,539.00","6,601.50","6,616.00","6,594.84","4,04,238","2,66,58,84,774.50","44,088","2,76,050","68.29"
"DIVISLAB","EQ","27-Jun-2025","6,616.00","6,551.00","6,694.00","6,551.00","6,655.00","6,658.00","6,654.45","5,45,217","3,62,81,19,026.50","55,068","3,91,888","71.88"
"DIVISLAB","EQ","30-Jun-2025","6,658.00","6,680.00","6,829.00","6,666.00","6,828.00","6,809.50","6,755.21","5,99,664","4,05,08,53,261.50","61,723","3,81,830","63.67"
"DIVISLAB","EQ","01-Jul-2025","6,809.50","6,828.50","6,875.00","6,696.00","6,875.00","6,856.50","6,796.53","3,85,716","2,62,15,30,728.50","51,974","2,07,504","53.80"
"DIVISLAB","EQ","02-Jul-2025","6,856.50","6,856.50","6,885.50","6,743.00","6,867.00","6,859.50","6,820.52","4,37,491","2,98,39,14,142.00","65,697","2,41,782","55.27"
"DIVISLAB","EQ","03-Jul-2025","6,859.50","6,888.00","6,940.00","6,853.00","6,866.00","6,876.00","6,892.15","3,02,964","2,08,80,72,606.50","41,304","1,51,651","50.06"
"DIVISLAB","EQ","04-Jul-2025","6,876.00","6,880.00","6,945.00","6,870.00","6,920.00","6,906.50","6,908.54","2,43,498","1,68,22,14,740.00","26,558","1,43,597","58.97"
"DIVISLAB","EQ","07-Jul-2025","6,906.50","6,915.00","6,931.00","6,861.00","6,868.50","6,888.50","6,890.76","85,574","58,96,70,022.50","13,586","39,309","45.94"
"DIVISLAB","EQ","08-Jul-2025","6,888.50","7,002.00","7,071.50","6,911.00","6,930.00","6,938.00","6,968.38","5,31,444","3,70,33,03,954.00","54,785","1,95,677","36.82"
"DIVISLAB","EQ","09-Jul-2025","6,938.00","6,930.00","7,009.50","6,920.00","6,986.00","6,983.50","6,963.55","3,82,020","2,66,02,16,794.00","41,303","2,23,370","58.47"
"DIVISLAB","EQ","10-Jul-2025","6,983.50","6,960.00","6,982.50","6,830.00","6,830.00","6,844.50","6,883.49","1,83,664","1,26,42,49,618.50","28,617","88,815","48.36"
"DIVISLAB","EQ","11-Jul-2025","6,844.50","6,830.00","6,905.50","6,825.00","6,826.50","6,835.00","6,860.78","2,24,031","1,53,70,27,484.50","31,411","1,42,985","63.82"
"DIVISLAB","BL","14-Jul-2025","5,979.65","6,835.00","6,835.00","6,835.00","6,835.00","6,835.00","6,835.00","21,874","14,95,08,790.00","1","-","-"
"DIVISLAB","EQ","14-Jul-2025","6,835.00","6,650.00","6,825.50","6,545.00","6,787.00","6,778.50","6,699.30","9,68,781","6,49,01,54,456.50","97,845","4,63,413","47.83"
"DIVISLAB","EQ","15-Jul-2025","6,778.50","6,800.00","6,818.50","6,734.50","6,777.00","6,790.00","6,775.18","1,32,235","89,59,16,350.00","26,213","62,647","47.38"
"DIVISLAB","EQ","16-Jul-2025","6,790.00","6,790.00","6,859.50","6,751.00","6,828.00","6,831.00","6,807.83","3,27,289","2,22,81,27,382.50","30,307","2,19,413","67.04"
"DIVISLAB","EQ","17-Jul-2025","6,831.00","6,830.50","6,881.00","6,763.00","6,773.00","6,790.50","6,804.72","2,91,956","1,98,66,79,899.50","24,926","2,10,470","72.09"
"DIVISLAB","EQ","18-Jul-2025","6,790.50","6,780.00","6,781.50","6,682.50","6,711.00","6,731.50","6,730.87","1,96,816","1,32,47,42,506.50","24,798","1,10,456","56.12"
"DIVISLAB","EQ","21-Jul-2025","6,731.50","6,742.00","6,746.00","6,663.50","6,683.00","6,688.00","6,695.73","1,52,442","1,02,07,10,932.00","17,631","84,448","55.40"
"DIVISLAB","EQ","22-Jul-2025","6,688.00","6,685.00","6,685.00","6,579.50","6,631.50","6,613.00","6,614.55","2,72,172","1,80,02,96,372.50","44,095","1,65,671","60.87"
"DIVISLAB","EQ","23-Jul-2025","6,613.00","6,641.00","6,679.00","6,616.00","6,643.00","6,653.00","6,652.39","2,06,835","1,37,59,46,116.00","19,434","1,43,356","69.31"
"DIVISLAB","EQ","24-Jul-2025","6,653.00","6,653.00","6,683.50","6,600.00","6,627.50","6,618.50","6,634.38","1,83,852","1,21,97,44,487.00","23,739","1,04,997","57.11"
"DIVISLAB","EQ","25-Jul-2025","6,618.50","6,598.00","6,652.00","6,569.00","6,628.00","6,616.50","6,616.33","1,79,064","1,18,47,45,938.50","23,334","97,328","54.35"
"DIVISLAB","EQ","28-Jul-2025","6,616.50","6,616.50","6,713.50","6,555.50","6,581.50","6,584.00","6,627.29","1,55,158","1,02,82,77,207.50","23,340","82,932","53.45"
"DIVISLAB","EQ","29-Jul-2025","6,584.00","6,580.00","6,688.00","6,473.00","6,674.50","6,676.50","6,590.36","2,07,710","1,36,88,84,554.50","38,514","96,342","46.38"
"DIVISLAB","EQ","30-Jul-2025","6,676.50","6,643.50","6,733.50","6,601.50","6,644.00","6,650.00","6,674.19","2,26,974","1,51,48,66,638.00","33,707","1,29,628","57.11"
"DIVISLAB","EQ","31-Jul-2025","6,650.00","6,556.00","6,662.50","6,552.00","6,593.00","6,595.50","6,604.67","2,08,301","1,37,57,60,265.50","31,944","1,09,021","52.34"
"DIVISLAB","EQ","01-Aug-2025","6,595.50","6,598.00","6,598.00","6,335.50","6,425.00","6,361.50","6,416.29","4,67,222","2,99,78,33,289.00","53,048","2,64,463","56.60"
"DIVISLAB","EQ","04-Aug-2025","6,361.50","6,372.00","6,513.50","6,343.00","6,482.50","6,489.50","6,444.77","3,51,237","2,26,36,40,142.00","40,164","2,11,477","60.21"
"DIVISLAB","EQ","05-Aug-2025","6,489.50","6,489.50","6,530.50","6,363.50","6,410.50","6,409.00","6,417.67","3,77,699","2,42,39,47,131.50","56,600","2,02,813","53.70"
"DIVISLAB","EQ","06-Aug-2025","6,409.00","6,410.50","6,449.00","6,054.50","6,183.00","6,133.50","6,191.63","9,84,259","6,09,41,64,379.00","1,04,663","3,75,412","38.14"
"DIVISLAB","EQ","07-Aug-2025","6,133.50","6,150.00","6,174.50","5,960.50","6,126.00","6,131.50","6,062.32","10,04,420","6,08,91,18,032.00","93,973","5,99,229","59.66"
"DIVISLAB","EQ","08-Aug-2025","6,131.50","6,100.00","6,118.00","5,893.50","5,910.00","5,914.50","5,994.74","5,41,367","3,24,53,53,474.00","54,156","3,15,798","58.33"
"DIVISLAB","EQ","11-Aug-2025","5,914.50","5,891.00","6,016.00","5,856.50","5,980.00","5,992.00","5,938.71","6,77,693","4,02,46,20,835.00","75,565","4,02,862","59.45"
"DIVISLAB","EQ","12-Aug-2025","5,992.00","5,992.00","6,015.00","5,947.00","5,966.00","5,961.00","5,984.49","4,77,759","2,85,91,44,006.50","46,979","3,13,456","65.61"
"DIVISLAB","EQ","13-Aug-2025","5,961.00","5,971.00","6,150.00","5,970.00","6,084.00","6,100.50","6,076.12","3,94,932","2,39,96,53,321.00","62,453","2,57,198","65.12"
"DIVISLAB","EQ","14-Aug-2025","6,100.50","6,155.00","6,205.00","6,091.00","6,133.00","6,132.50","6,138.23","4,07,062","2,49,86,39,297.50","51,936","2,34,221","57.54"
"DIVISLAB","EQ","18-Aug-2025","6,132.50","6,148.00","6,211.50","6,092.50","6,154.50","6,164.50","6,169.57","3,62,833","2,23,85,23,526.00","59,465","2,15,917","59.51"
"DIVISLAB","EQ","19-Aug-2025","6,164.50","6,165.00","6,170.50","6,075.00","6,093.50","6,079.50","6,119.59","2,46,497","1,50,84,60,536.00","29,466","1,73,649","70.45"
"DIVISLAB","EQ","20-Aug-2025","6,079.50","6,084.00","6,096.00","5,952.50","6,005.00","6,005.00","6,004.39","5,44,008","3,26,64,37,122.50","61,661","3,61,308","66.42"
"DIVISLAB","EQ","21-Aug-2025","6,005.00","6,005.00","6,060.00","5,988.00","6,030.00","6,028.00","6,024.45","2,19,909","1,32,48,30,777.50","25,419","1,22,305","55.62"
"DIVISLAB","EQ","22-Aug-2025","6,028.00","6,088.00","6,188.00","6,088.00","6,154.00","6,151.50","6,145.04","6,81,524","4,18,79,95,368.50","65,942","3,33,691","48.96"
"DIVISLAB","EQ","25-Aug-2025","6,151.50","6,255.00","6,314.50","6,204.00","6,242.00","6,248.50","6,249.25","4,39,686","2,74,77,07,506.50","44,517","1,99,293","45.33"
"DIVISLAB","EQ","26-Aug-2025","6,248.50","6,260.00","6,260.00","6,120.00","6,195.00","6,190.50","6,187.22","5,46,739","3,38,27,92,694.00","54,834","3,85,142","70.44"
"DIVISLAB","EQ","28-Aug-2025","6,190.50","6,275.00","6,275.00","6,108.50","6,135.00","6,132.00","6,146.47","4,15,482","2,55,37,49,658.50","42,228","2,89,263","69.62"
"DIVISLAB","EQ","29-Aug-2025","6,132.00","6,132.00","6,177.50","6,092.00","6,095.00","6,131.50","6,141.00","2,83,850","1,74,31,22,960.50","29,986","1,95,662","68.93"
"DIVISLAB","EQ","01-Sep-2025","6,131.50","6,131.50","6,135.00","6,064.00","6,090.00","6,093.00","6,093.28","1,92,062","1,17,02,87,032.00","26,963","1,06,840","55.63"
"DIVISLAB","EQ","02-Sep-2025","6,093.00","6,093.00","6,148.50","6,059.50","6,119.00","6,120.50","6,107.14","3,07,162","1,87,58,82,774.50","23,592","1,92,022","62.51"
"DIVISLAB","EQ","03-Sep-2025","6,120.50","6,145.00","6,188.00","6,097.00","6,163.00","6,164.00","6,150.89","2,81,110","1,72,90,75,907.50","30,046","1,83,611","65.32"
"DIVISLAB","EQ","04-Sep-2025","6,164.00","6,163.00","6,197.50","6,093.50","6,130.00","6,133.50","6,133.34","2,94,429","1,80,58,33,550.50","35,250","2,20,846","75.01"
"DIVISLAB","EQ","05-Sep-2025","6,133.50","6,133.50","6,177.50","6,002.50","6,021.00","6,009.00","6,064.21","2,13,926","1,29,72,91,748.50","32,384","1,25,741","58.78"
"DIVISLAB","EQ","08-Sep-2025","6,009.00","6,029.00","6,066.00","5,940.00","6,031.50","6,027.50","6,001.18","5,19,368","3,11,68,22,524.50","37,128","3,95,329","76.12"
"DIVISLAB","EQ","09-Sep-2025","6,027.50","6,025.00","6,050.00","5,997.50","6,005.00","6,002.50","6,011.26","2,54,569","1,53,02,79,699.00","30,348","1,89,088","74.28"
"DIVISLAB","EQ","10-Sep-2025","6,002.50","6,015.00","6,043.00","5,896.50","6,030.00","6,031.50","5,951.95","8,10,989","4,82,69,67,384.50","49,960","5,50,892","67.93"
"DIVISLAB","EQ","11-Sep-2025","6,031.50","6,035.00","6,075.00","5,996.00","6,025.00","6,015.50","6,021.59","2,58,301","1,55,53,83,195.00","36,263","1,59,799","61.87"
"DIVISLAB","EQ","12-Sep-2025","6,015.50","6,025.00","6,083.50","6,004.00","6,022.00","6,026.50","6,037.90","4,87,571","2,94,39,06,045.50","32,766","3,64,155","74.69"
"DIVISLAB","EQ","15-Sep-2025","6,026.50","6,011.00","6,065.50","5,974.00","6,050.00","6,057.00","6,043.90","1,52,355","92,08,18,176.50","14,919","97,222","63.81"
"DIVISLAB","EQ","16-Sep-2025","6,057.00","6,125.00","6,175.00","6,060.50","6,084.50","6,099.50","6,094.22","2,85,215","1,73,81,63,290.50","30,317","1,47,815","51.83"
"DIVISLAB","EQ","17-Sep-2025","6,099.50","6,089.00","6,138.50","6,037.00","6,054.00","6,051.50","6,084.27","4,13,995","2,51,88,56,597.00","31,526","2,94,905","71.23"
"DIVISLAB","EQ","18-Sep-2025","6,051.50","6,052.00","6,129.50","6,042.00","6,129.00","6,112.00","6,086.93","4,80,382","2,92,40,50,461.50","28,670","3,24,566","67.56"
"DIVISLAB","EQ","19-Sep-2025","6,112.00","6,187.00","6,280.00","6,156.50","6,200.00","6,200.00","6,224.13","7,34,989","4,57,46,67,599.50","58,978","4,02,746","54.80"
"DIVISLAB","EQ","22-Sep-2025","6,200.00","6,200.00","6,201.00","6,081.00","6,092.00","6,092.50","6,118.87","2,90,634","1,77,83,52,544.50","29,937","1,89,231","65.11"
"DIVISLAB","EQ","23-Sep-2025","6,092.50","6,092.50","6,128.00","6,006.50","6,038.50","6,051.00","6,046.45","2,64,356","1,59,84,14,517.50","38,758","1,68,061","63.57"
"DIVISLAB","EQ","24-Sep-2025","6,051.00","6,037.00","6,078.50","5,965.00","5,978.00","5,984.00","6,023.74","2,53,046","1,52,42,82,369.50","30,795","1,29,299","51.10"
"DIVISLAB","EQ","25-Sep-2025","5,984.00","5,985.00","6,011.00","5,885.00","5,914.00","5,897.00","5,932.98","2,10,498","1,24,88,79,492.50","24,786","1,29,247","61.40"
"DIVISLAB","EQ","26-Sep-2025","5,897.00","5,824.00","5,824.00","5,656.50","5,675.00","5,689.50","5,738.98","6,72,699","3,86,06,09,130.50","80,868","4,02,174","59.79"
"DIVISLAB","EQ","29-Sep-2025","5,689.50","5,717.00","5,735.00","5,636.50","5,715.00","5,697.50","5,686.87","4,67,714","2,65,98,30,594.50","54,868","2,91,563","62.34"
"DIVISLAB","EQ","30-Sep-2025","5,697.50","5,713.50","5,736.50","5,665.00","5,692.00","5,689.50","5,700.55","2,81,179","1,60,28,74,776.50","44,769","1,85,929","66.12"
"DIVISLAB","EQ","01-Oct-2025","5,689.50","5,692.50","5,749.50","5,675.00","5,710.50","5,710.00","5,702.60","7,21,666","4,11,53,75,142.50","45,371","5,45,925","75.65"
"DIVISLAB","EQ","03-Oct-2025","5,710.00","5,759.50","5,932.00","5,746.00","5,851.50","5,866.00","5,818.63","6,55,087","3,81,17,07,931.50","50,675","4,05,736","61.94"
"DIVISLAB","EQ","06-Oct-2025","5,866.00","5,885.00","5,898.00","5,802.50","5,816.00","5,826.50","5,840.55","1,96,219","1,14,60,27,480.50","25,613","98,485","50.19"
"DIVISLAB","EQ","07-Oct-2025","5,826.50","5,860.00","6,120.00","5,831.50","6,116.00","6,104.50","6,039.39","10,24,126","6,18,50,91,536.00","69,088","5,33,530","52.10"
"DIVISLAB","EQ","08-Oct-2025","6,104.50","6,115.00","6,267.50","6,104.00","6,106.00","6,120.50","6,193.69","8,74,932","5,41,90,60,698.00","60,850","4,02,327","45.98"
"DIVISLAB","BL","09-Oct-2025","6,835.00","6,120.50","6,120.50","6,120.50","6,120.50","6,120.50","6,120.50","33,108","20,26,37,514.00","1","-","-"
"DIVISLAB","EQ","09-Oct-2025","6,120.50","6,149.00","6,218.50","6,123.50","6,123.50","6,132.00","6,160.57","3,36,390","2,07,23,53,877.00","39,477","1,76,191","52.38"
"DIVISLAB","EQ","10-Oct-2025","6,132.00","6,132.50","6,507.50","6,110.00","6,489.00","6,474.50","6,385.26","16,51,908","10,54,78,56,149.00","1,45,261","7,81,687","47.32"
"DIVISLAB","EQ","13-Oct-2025","6,474.50","6,465.50","6,620.00","6,439.50","6,565.00","6,556.00","6,562.68","9,05,107","5,93,99,29,894.00","77,982","4,88,004","53.92"
"DIVISLAB","EQ","14-Oct-2025","6,556.00","6,570.00","6,585.00","6,495.00","6,550.00","6,561.00","6,550.55","3,21,275","2,10,45,28,653.50","45,278","1,57,885","49.14"
"DIVISLAB","EQ","15-Oct-2025","6,561.00","6,580.00","6,608.50","6,527.00","6,556.00","6,573.00","6,564.26","4,62,127","3,03,35,20,568.00","40,163","2,99,322","64.77"
"DIVISLAB","EQ","16-Oct-2025","6,573.00","6,573.00","6,632.50","6,538.50","6,584.50","6,600.50","6,597.44","3,35,444","2,21,30,70,406.00","30,791","1,83,330","54.65"
"DIVISLAB","EQ","17-Oct-2025","6,600.50","6,580.00","6,647.00","6,556.50","6,620.00","6,621.50","6,610.20","3,02,575","2,00,00,82,349.00","36,676","1,77,202","58.56"
"DIVISLAB","EQ","20-Oct-2025","6,621.50","6,645.00","6,669.00","6,570.50","6,618.00","6,604.00","6,608.51","3,68,513","2,43,53,20,393.00","24,099","2,39,227","64.92"
"DIVISLAB","EQ","21-Oct-2025","6,604.00","6,648.00","6,657.00","6,553.00","6,562.00","6,587.00","6,613.95","32,977","21,81,08,290.00","4,022","9,310","28.23"